paper	figure	page	panels_and_encoding	purpose_and_context	transfer_and_boundary
R01	1	1	上下两幅：森林实景标无人机/行人；彩色高度地图叠蓝色飞行轨迹和橙色目标观测。	先建立真实追踪场景，再给空间对应关系。	可学实景+地图配对；地图本身不证明误差小。
R01	2	2	白灰系统框图；传感器→预测/地图/VIO→虚线分组的搜索、走廊、优化→控制器。	说明板载系统怎样闭环，而非只列方法名。	箭头写数据对象；各模块必须对应本稿实现。
R01	3	3	浅蓝网格上蓝色历史轨迹、绿色递增权重箭头、红色未来预测。	解释近期观测加权的预测机制。	用几何小图表达权重改变预测；不当作实测精度图。
R01	4	4	横向四时刻：橙色搜索、蓝色旧预测、绿色安全走廊、红色新路径与蓝色障碍。	目标丢失后搜索、遇新障碍重规划、重新捕获的事件顺序。	保留事件因果与统一颜色；不是四次独立试验。
R01	5	4	当前无人机、蓝色目标预测、沿预测移动的红色目标状态；棕色搜索树与紫色解析连接。	解释搜索终点随时间传播。	把固定目标/移动目标的算法差异画出来。
R01	6	5	A当前扩展点、B当前目标、C未来目标、D加权目标；虚线距离和ΔD。	把启发式代价的几何含义可视化。	符号图无数值坐标，不冒充轨迹结果。
R01	7	5	平台照片加标注：Manifold2-c、N3、D435i、广角相机阵列。	界定传感与计算条件。	用本机照片和真实设备名。
R01	8	5	上下实景/地图；门洞、环形障碍、起终点与目标观测。	室内复杂场景中的追踪和重定位。	图中事件编号与日志对齐。
R01	9	6	同一三维障碍图内蓝色本文/红色基线追踪及加速度云，黑虚线目标预测。	展示运动平滑性和跟踪差异；总体成功指标另在表中。	彩色云是加速度表达，不是置信区间。
R02	1	1	七机六边形实景+对应RViz路径上下排列，蓝线勾勒队形。	展示真实分布式编队。	蓝线为形状轮廓，不能解释为通信拓扑。
R02	2	3	左相似性代价三维曲面，右二维梯度场；红色期望正方形、洋红极小点。	解释可微形状度量如何推动单机位置调整。	机制曲面需计算定义，不用装饰性曲面替代。
R02	3	5	2行×3列：基线/本文为行，关键时刻为列；同障碍、队形轮廓、误差标记。	直观看狭窄空间中的形状保持与碰撞差异。	固定镜头和条件；群体统计由实验表支持。
R02	4	5	走廊实景叠三时刻四面体队形，蓝色边，运动从右到左。	转动/压缩队形通过窄口。	明确时间顺序与曝光间隔。
R02	5	6	上部长条全程轨迹，下排五个等间隔队形快照；十机心形，个体颜色固定。	模拟大编队长程穿越。	全局路径与局部形变配对；标明仿真。
R02	6	6	淡黄UAV容器、绿色传感器、蓝色规划、紫色广播；自身/邻机轨迹进出网络。	展示真正分布式所需消息。	画清广播载荷，不用无标签双向箭头。
R03	1	1	左上点云路径、左下实飞叠影，右侧球形走廊。	把高速实飞和安全空间表示联系起来。	场景、路径、表示三类证据互补。
R03	2	1	横条图：方法类别→最大速度m/s。	定位速度能力；基线来自不同论文/环境/传感设置。	只能做有条件的文献概览，不能当同条件排名。
R03	3	3	绿色重叠球链、橙色连接点q_i、蓝色分段轨迹、紫色T_i时间括号。	解释空间走廊与时间分配的对应。	每段轨迹、边界点、时间变量一一对应。
R03	4	4	球心o、最近障碍n、扣除机体半径的安全球、起止点、蓝曲线和时间T。	解释几何安全余量。	把机器人尺寸写入图示。
R03	5	4	灰障碍、绿旧球、蓝选中球、紫候选中心、橙色采样密度朝黄色引导点。	展示候选采样到选球的具体操作。	学习选中/未选中/方向三种编码。
R03	6	5	左两种三维走廊，右上下曲线分别为交叠体积与球体积vs球序号；100次范围带。	几何优势与量化空间余量配套。	原文范围为min/max，不能改称CI。
R03	7	5	三个几何状态，绿/粉虚线规划视野，复用绿球与新蓝球。	解释滚动规划的热启动与走廊复用。	用旧/新元素区分计算复用。
R03	8	6	两种方法飞行地图，速度色条0–15m/s，星号起点和LiDAR点。	相同仿真场景比较速度与避障行为。	速度色条不能同时代表方法。
R03	9	6	三方法成功率热图；横轴森林密度1/l²，纵轴前向速度m/s，各条件10次。	定位速度—环境复杂度的失效边界。	共享色标并报告试验分母。
R03	10	7	横排四个森林密度子图；x速度m/s、y成功率%，五种模块组合线。	拆解Front/MINCO/RHC的贡献。	按条件分面比把所有曲线堆一轴清楚；不是训练曲线。
R03	11	7	十一段独立实飞轨迹叠地图、#1–#11、速度色条。	显示不同真实路线的速度表现。	注明离线地图配准及去树冠处理；不是一次连续飞行。
R03	12	8	两次试验上下排；速度模与加速度模vs时间，各自单位，虚线动力学限值。	验证高速轨迹的动态可行性。	双量纲需要明确双轴或分轴，不能漏单位。
R04	1	1	十六机实景与离线合并RViz轨迹上下排。	实际大规模编队总览。	离线合并地图不代表在线全局共享。
R04	2	4	五层架构：平台、适应、预测、弹性、韧性；彩色层内有真实平台/代价曲面/队形几何缩图，右侧同色网络消息。	把文章五项能力连接到具体计算模块和广播量。	借鉴分层+操作缩图；层名必须来自本稿机制。
R04	3	5	上部代价曲面/梯度场，下部带时刻的最优位置序列。	解释形状度量与时变最优队形。	与R02同研究家族，不能当独立两票统计。
R04	4	9	左右对比：蓝当前机器人、绿初始目标、红对齐目标；交叉红分配变为不交叉蓝分配。	ALAS同时改变对齐和任务分配。	保留前后同一机器人身份。
R04	5	9	窄走廊前后几何，墙边机器人约束感知高，粉目标变蓝压缩队形。	解释约束感知怎样驱动队形变形。	画出权重来源与几何后果。
R04	6	10	上下冲突红路径/无冲突蓝路径，旁边配ALAS点集。	解释全局重映射GRLR与局部分配耦合。	不是仅画一个全局规划器盒子。
R04	7	12	上部森林，下部四种队形几何，共a–e五面板。	界定仿真环境和形状任务。	环境与任务分开编号。
R04	8	13	上下有/无ALAS；橙实际路径、蓝全局参考、红队形。	显示初始乱序条件下的重组差异。	前后保持相同初态与障碍。
R04	9	14	上两幅有/无ALAS穿窄口，下部相似误差与约束感知曲线。	把队形形变与约束压力/误差联系起来。	缩略页小字轴需原页复核，不能臆填横轴单位。
R04	10	14	左右空间规划比较；紫凸多面体基线vs本文配置搜索。	展示可行队形通路。	长度、尺度等统计另查表，不从透视图量取。
R04	11	15	x机器人数量、y计算时间ms；两方法线与15机竖标。	验证随群规模的计算扩展。	标硬件及计时范围。
R04	12	15	真实机群平台照片。	交代硬件实现。	借布局不复用他人平台为本机。
R04	13	15	四面体过走廊实景叠影、蓝形状边。	真实窄通道形变。	与R02-F4关联，禁止重复计为独立新实验。
R04	14	16	a–c左侧三排实景+RViz；d左下相似性误差vs秒及重规划事件；e右侧高幅俯视全轨迹，对应三段队形。	同一任务中实景、空间演变、重规划和误差共同解释形变。	约左2/3右1/3；事件/颜色/时间统一，是组合图首选范本。
R04	15	17	宽幅FAST字形变化轨迹，时间渐变色条0–30s，四个形状时刻。	展示复杂队形重构过程。	渐变颜色表示时间，不表示机器人类别。
R04	16	17	迷宫俯视：蓝全局路径忽略细障碍，局部执行轨迹避开，起终点与队形。	解释全局引导与局部规划分工。	区分参考与执行线型。
R04	17	17	大群双箭头仿真透视，机器人剪影与轨迹。	定性大规模展示。	不能代替成功率和延迟统计。
R05	1	1	真实照片叠两次抛球、红橙球轨迹、0.3s无人机叠影、黄色规划起点。	高动态连续捕获的任务入口。	明确叠影间隔与抛球间隔。
R05	2	2	蓝策略搜索、黄目标预测、橙运动基元、绿终端柔性优化、红控制线，串联到真机。	RL决定捕获时机，再由规划器产生可行轨迹。	不能把高层时间动作画成电机直接控制。
R05	3	3	半透明无人机与网、紫捕获平面、橙球、坐标系、R/t和速度夹角。	展示柔性终端约束而非固定点碰撞。	把接触几何与优化变量显式连接。
R05	4	5	左绿观测组→蓝两层64神经元ReLU网络→黄捕获时间动作；下灰轨迹生成/优化/跟随闭环。	具体解释RL输入、动作和模型规划关系。	可模仿网络+物理回路布局，动作语义必须本稿真实。
R05	5	6	上下两族解析平滑函数，橙L_mu与蓝C_mu；x和值轴、参数μ色条。	解释约束光滑近似。	不是训练曲线，不能以图形像折线就归为RL收敛。
R05	6	8	a顶部宽实景三次捕获及同色圆形放大；b三维位置XYZm；c机载网尺寸；d抛球机；e–h速度、角速度、推力、jerk随秒及界限。	把捕获动作、装置尺度和动力学可行性接成证据链。	连续成功片段是展示样例，不替代全部试验成功率。
R05	7	9	三项基线动力学曲线：速度、角速度、推力vs时间及限制。	用约束违反解释捕获失败。	与本文曲线使用同单位、界限和时间定义。
R05	8	9	四种三维目标运动：抛物线、谐波、三角形、六边形，配无人机捕获路径。	评估不同目标形态的模拟适用性。	PPO训练存在但正文未见训练曲线；新增训练图属本稿设计。
R06	1	1	T形路口地图，灰障碍、绿目标、蓝本文/橙盲跟踪、红绿视线及遮挡注释。	先展示不理解转向意图会丢失可见性的困难。	动机图应画出失效步骤。
R06	2	2	左上真机左下感知缩图；右侧黄意图/蓝预测/绿可见性优化分组，黑虚线圆角容器，内部操作缩图。	人体意图如何改变预测与可见约束。	首选机制框图风格：浅色区域+具体小图+有语义连线。
R06	3	3	三列人体关节检测图、躯干四关节几何、肩部朝向转弯示意。	从像素关键点导出意图。	保留感知到几何变量的桥梁。
R06	4	3	黄色/绿色左右可达扇区、蓝斜线障碍、红历史轨迹。	对比左右转向的空间可能性。	扇区是可达集合，不是成功概率热图。
R06	5	5	红预测分支、绿色无挡可见域、轨迹点和障碍。	把意图预测连到追踪空间约束。	区分预测、候选和执行轨迹。
R06	6	5	非对称可见扇区、角度θ和边界裕度、目标点和障碍。	解释意图改变视角分配。	方法独有的非对称性需要在小图上可见。
R06	7	6	a两行三时刻对比，b完整拥挤路径，c遮挡比例柱图vs最大目标速度1/1.5/2m/s。	局部遮挡机制+整体行为+批量统计。	遮挡比例与遮挡秒数不得混写；样本规模查正文。
R06	8	6	a两幅相对位置XY热图加红视场边界；b速度与水平跟踪距离vs秒，安全界线。	急减速中同时看安全距离和可见性。	热图和时序来源需对应同一条件，不能只展示路径。
R06	9	7	a三时刻RViz可见锥；b真实目标/跟踪无人机叠影。	实飞转弯可见性。	使用同步事件标记。
R06	10	7	a两行三列机载视角对比；b两幅鸟瞰路径图，蓝无人机/黑目标。	用真实相机遮挡解释路径差异。	单段展示与十次试验统计分别陈述。
R07	1	1	实景UAV支援多UGV、A–G支援点、底部两个圆形地图Before/After放大。	无人机提供地图/定位使盲车解除潜在碰撞。	画出支援前后信息变化，不只画空地两种平台。
R07	3	3	蓝UAV大容器与叠层绿UGV容器；定位、地图、调度、路径模块，橙虚线请求、红/蓝数据线。	显示help-request/support-action的双向协作。	原文正文有Fig2引用但本PDF未见独立Fig2图；不补造。
R07	4	4	占据栅格黄未知/白自由、灰障碍、橙不确定椭圆、红绿路径。	无人机地图不能直接保证UGV安全。	必须同时表达地图未知与定位误差。
R07	5	4	左右P-Map规划与CP-Map碰撞预测；红路径、渐大绿协方差椭圆和红碰撞椭圆。	同一路径上先乐观规划再保守预测风险。	区别规划地图与检查地图，椭圆不是机体尺寸。
R07	6	5	俯视栅格、彩色支援航点、VRPTW访问序列和UAV路径。	用预测碰撞时限安排支援顺序。	时间窗要与请求消息对应。
R07	7	5	2×2连续仿真时刻，UAV移动服务不同UGV，黄色轨迹与彩色不确定区域。	验证按调度顺序解除风险。	记清时刻与服务对象，非四独立任务。
R07	8	6	两硬件照片：UAV+三UGV；UAV底部Livox/CREPES标注。	说明共享定位感知平台。	从自己的照片标传感器位置。
R07	9	6	上下时间曲线：各UGV状态估计椭圆半长轴与预测碰撞时间，顶部服务事件字母。	支援到达后不确定度和碰撞风险改变。	事件曲线比仅成功截图更能解释协作机制。
R08	1	1	ICRA字形轨迹，橙观测/蓝逐次估计，蓝深浅表示估计时间偏移。	用可辨认字形展示时间同步恢复相对轨迹。	不是训练epoch，颜色含义为时间偏移。
R08	2	3	两机器人轨迹/坐标系，错时和同步时的虚线观测束、速度外推。	说明时间偏差怎样污染相对位姿。	必须画t和t+ΔT的观测配对。
R08	3	5	三行折线：时间偏移估计误差、目标代价、解矩阵秩vs真实time offset(s)，ITO/NTO带状变化。	验证迭代同步扩大可处理偏移范围。	优化/偏移扫描不是RL训练曲线。
R08	4	6	三方法并排旋转误差热图，横噪声、纵时间偏移，共色标。	区分噪声与错时对定位的交互影响。	共享网格、色标、采样次数。
R08	5	6	三方法并排时间偏移估计误差(s)热图，条件同F4。	检验同步估计本身。	定位准不自动等于时间估计准。
R08	6	6	实景双无人机与红外相机/LED定位标记。	实验传感配置。	区分算法观测和mocap真值来源。
R08	7	6	2×3三维轨迹，小图为不同真实运动；共同世界系下真值及ITO/NTO/Wang方法。	显示多种轨迹恢复而非仅字形示例。	每幅保持XYZ尺度和方法图例一致。
R09	1	1	上下真实协同接住/运输场景，时间渐变路径、放大接住瞬间。	说明非完整地面车合作支撑网的实际任务。	任务是地面群体接物，不应误检索为无人机编队控制。
R09	2	4	车辆→矩形多边形→顶点边有符号距离示意，蓝箭头分步。	解释全机体碰撞距离的连续近似。	画真实足迹和有符号方向。
R09	3	5	三车撑网、多状态半透明车、红梯度箭头、蓝安全边/黄不安全边。	梯度改变车队拓扑，防止网边穿越。	方法的拓扑安全须有边关系，不仅个体距离。
R09	4	5	非凸车队多边形上方蓝紫捕获代价曲面，红极小点、位置XYm。	自适应捕获代价引导落点落在网内部。	是代价几何，不是经验成功概率。
R09	5	6	x车辆数、y规划计算时间s，三方法折线。	证明群规模增大时的计算优势。	统一硬件与初始化条件。
R09	6	7	上排a–d四RViz捕获时刻；下e宽实景、时间渐变轨迹、圆形捕获放大和速度vs秒嵌图标Planning/Catching。	动作阶段、网形、安全和速度联合解释真实救援。	用同一次任务时钟；捕获成功样例不代替表中统计。
R09	S1	15	3行场景×3列正常/无自适应/无网安全，灰障碍红目标彩色车轨迹。	补充消融直接展示移除模块后的失效。	补充材料Figure1须独立命名S1避免撞主文F1。
R09	S2	17	三并排轨迹；蓝初值、青优化，箭头车身方向、星号换挡点。	说明优化可移动换挡点改善前后向轨迹。	线色区分阶段而非方法。
R09	S3	18	3行×2列初始/规划后，蓝箭头目标方向，团队有前进和后退。	展示非完整约束下双向运动。	只借布局，不能默认四旋翼也需汽车换挡变量。
R10	1	1	左形状/中心距离几何，中央场景局部/边缘路线，右计算平台照片。	边缘算力改变碰撞模型精度和可通行性。	画算力导致行为变化，不只画云图标。
R10	2	3	环境、蓝机器人组、橙边缘服务器、右侧B-MINLP/MPS决策；状态和动作细箭头。	把慢速分配决策与快速运动规划分层。	标各环频率、上行状态和下行计划。
R10	3	7	两平台分面分组柱；x障碍数、颜色预测时域、y计算时间ms。	展示计算负荷对平台的依赖。	不能把换硬件优势归于算法。
R10	4	7	CARLA真实感场景截图+俯视规划切换示意，红本地/黄边缘。	说明超车时为何切换规划器。	仿真渲染不是实景照片。
R10	5	8	四列方法：上路径地图、下相同时间轴控制参数，红/黄规划段。	十字路口中规划选择与控制行为关联。	方法列固定尺度，关键切换时刻跨面板对齐。
R10	6	8	拥堵场景截图+超车俯视路径。	定义更难动态交通场景。	与F7控制比较构成一组。
R10	7	9	四方法列，各列轨迹+时序控制，布局同F5。	比较拥堵条件下停滞、振荡与超车。	相同轴范围有利比较。
R10	8	9	左全局地图及四局部路径窗，右通信无线电强度dB热图。	联合展示算力服务位置、机器人运动和通信环境。	通信图必须由测量/模型得到并注明来源。
R10	9	9	四列：油门、转向、切换收益、规划器选择；每列四机器人时间曲线。	展示高层切换变量如何改变低层控制。	离散选择用阶梯线；不把切换次数当训练迭代。
R10	10	10	CARLA城市截图+路径规划切换细节。	更复杂驾驶场景验证。	迁移空地调度时保留条件区别。
R10	11	10	两方法列，每列轨迹+控制参数时序。	解释官方场景中完成时间的差异。	统计结论另用测试分母支持。
R10	12	10	真实场景、全局点云地图、平台/局部路线多视图。	实际异构系统的路径和服务器布置。	每种颜色只承担一项身份语义。
R10	13	11	横排四事件，每列上实景下地图：无收益、robot1切换、robot2切换、完成。	真实闭环触发事件的因果证据。	正文尾部Fig14引用与实际Fig13不一致，按图注定位不补造。
R11	1	1	竖排三场景：汽车跟踪、倾斜车尾栖停、森林仿真。	从追踪到动态栖停的能力范围。	区分真实照片与仿真。
R11	2	4	左目标估计和无人机传感；中部Tracking/Perching两列×Visibility/Safety/Dynamic feasibility三行，每格几何缩图；右柔性终端与时空优化。	把五项挑战映射到不同阶段的具体约束。	可模仿能力矩阵式框图；每格必须能指出算法变量。
R11	3	5	无人机圆盘、倾斜半空间、RGB机体系和法向。	SE(3)接触前碰撞模型。	姿态安全不能简化成质点距离。
R11	4	6	A–D四几何视图：球链近似视锥、梯度、移向开阔区、调整跟踪距离。	遮挡代价同时改变方位与距离。	用同一障碍/目标解释梯度方向。
R11	5	7	上栖停接近示意，下距离窗平滑门函数族。	感知约束仅在合适距离内激活。	函数族不是训练曲线。
R11	6	7	加速红路径/减速蓝路径与机载投影小图。	姿态与位置共同影响目标在图像中的位置。	将像素误差与三维控制几何配对。
R11	7	8	A/B两行，各左轨迹族右角速度；终端相对速度参数渐变，红安全/动力学违反标记。	硬终端要求在碰撞和执行器限制间产生冲突。	对比参数必须明示，不能当多方法线。
R11	8	10	2×2绕障几何，红目标预测、蓝多目标观测路径、可见线。	逐段选无遮挡观测点再搜索。	突出可见性而非只看路径短。
R11	9	11	深度图与视锥几何并列，目标像素、最近遮挡点、投影距离D_occ。	定义遮挡评价指标。	展示指标如何计算，避免指标只剩名字。
R11	10	12	上四方法XY相对位置热图与红视场；下左不同密度小提琴图，下右失败原因堆叠柱。	同时看观察分布、遮挡裕度和失败类型。	失败类型分母一致；小提琴不是时间曲线。
R11	11	13	四方法2×2；每格上三维目标/无人机/视线，下两条时间轴遮挡距离和跟踪距离，红失败段。	同场景解释失效机制和避障/视野权衡。	跨图统一事件时刻，优秀轨迹+诊断曲线范本。
R11	12	14	四行轨迹XZ、角速度、归一化推力、像素位置vs时间，三方法同色。	栖停是否同时满足动态/感知限制。	终止时间和约束线必须显式。
R11	13	14	角速度vs秒，黄色不同优化迭代、蓝本文、上下虚线限制。	更多优化迭代也未必解决不可行性。	优化迭代结果不是RL训练。
R11	14	14	上下两种终端倾角；XYZ轨迹族按目标速度渐变，红目标线。	动态目标速度和终端姿态适应。	共享速度色条。
R11	15	15	三行终端倾角，左空间轨迹/机体姿态，右两种方法像素帧序列和可见/不可见框。	可见性消融揭示动作与成像的关系。	空间与像素必须来自同次运行。
R11	16	15	左定位RMSE(m)vs观测距离(m)，三观察角度；右AprilTag几何。	解释感知距离/角度的物理评价依据。	不能把误差曲线当通用相机参数。
R11	17	16	A转弯、B交错卡车两场景；ESDF全程地图+编号局部视域+匹配实景。	真实动态障碍下主动改善视线。	编号对齐比装饰箭头更重要。
R11	18	16	两视角DJI平台照片，前/下相机和探照灯标注。	解释夜间与倾角任务感知配置。	设备状态必须记录。
R11	19	17	两行方法×三个实景时刻，标潜在遮挡/跟踪失败。	与商业主动跟踪对比。	样例展示不能自动推广到全部条件。
R11	20	18	A夜间叠影、B机载图像序列、C日间高速叠影、D位置误差、E速度、F俯仰vs秒及对齐局部放大。	完整展示接近、观测和终端位置速度姿态同步。	夜间和日间不同运行不可伪装成同一次。
R11	21	19	A倾斜车尾实景、B相机帧、C/D姿态/速度、E角速度、F推力，共时轴。	验证大角度动态栖停及执行器可行性。	用接触时刻将像素帧和曲线联系。
R12	1	1	2×2森林实飞叠影，每时刻附速度仪表，开放/拥挤/窄口转换。	学会随环境调速的直观行为。	仪表需来自日志，不用凭视觉猜速度。
R12	2	3	上环境—传感—控制闭环，下虚线内红Agility Policy→黄Trajectory Planner，动作标agility level。	学习的是速度约束，内部仍为模型规划器。	RL高层动作与低层控制分层绘制。
R12	3	4	占据网格/未来轨迹编码→CNN→与速度/跟踪误差/上一动作拼接→MLP actor/critic。	说明感知条件和策略具体输入。	网络图中保留未知/占据/规划轨迹图例。
R12	4	5	长条仿真森林训练环境。	界定训练分布。	不能仅给测试环境而隐藏训练障碍分布。
R12	5	6	三列同场景飞行路径，彩色表示速度，圆圈标碰撞，暗绿参考线。	本文、固定速度、未微调模型的行为对比。	按同一路线比较，成功率另在F6。
R12	6	6	x平均速度m/s、y成功率，多设置点与固定速度性能边界。	揭示安全—效率折衷及两阶段训练消融。	这是最终策略评估，不是训练曲线；本文SAC存在而主文未见训练过程图。
R12	7	6	两图本文/EVA速度彩轨迹。	解释保守减速与流畅通过差别。	颜色保持速度数值含义。
R12	8	6	两图转角可见性，速度彩轨迹、红航向/视场边界。	感知感知型策略在视野受限时提前减速。	需要视野数据才能声称该机制。
R12	9	7	三列墙后隐藏柱实景叠影，固定2m/s、3.5m/s与自适应；红规划、速度彩执行、蓝地图。	同一遮挡条件的响应差异。	固定速度基线设置写清。
R12	10	7	两幅密集实景叠影与速度色条。	从仿真到真实复杂障碍的迁移。	不将挑选成功片段替代完整失败记录。
R13	1	1	上72机ZJU轨迹，下立方体/三棱柱/八面体穿障碍。	大规模形状任务。	仿真和真实证据区分。
R13	2	2	柔性图受扰变形、刚性图两构形、增加一边成全局刚性。	解释为什么任意稀疏化会丢失形状唯一性。	红边是数学约束，非默认通信连接。
R13	3	3	橙困难→蓝全局刚性稀疏化→绿矩阵指标+遗传算法选子矩阵→黄规划；每层有图结构缩图。	从计算瓶颈到结构保持的机制链。	可学问题起点和可见内部操作。
R13	4	4	上下Laplacian矩阵/所选列与对应稀疏图，虚实箭头联系。	列选择等价图构造。	索引颜色跨矩阵和图节点一致。
R13	5	5	上环境/三队形，下2×3不同机数和队形的指标比较柱图。	比较矩阵评价准则而非只报最优一个。	矩阵指标与最终队形误差建立联系。
R13	6	5	3行形状×2列计算时间/相对误差，x无人机数，颜色/符号连接率。	显示速度提升与精度牺牲。	多条件共享图例，计算轴对数需明示。
R13	7	6	x连接率%、y折衷指标，三种规模曲线、最优星标和可取灰区。	给参数选择依据。	最优依赖本文定义和场景，不能照搬30%。
R13	8	6	上五方法队形误差箱线，下优化前后基集顶点几何。	连接结构选择与误差分布。	箱线须说明重复试验和异常点。
R13	9	7	五方法行：左计算耗时横条，中时刻队形恢复，右恢复时间/失败。	计算快不等于恢复快；三种证据同排。	失败明确写Failed不画为零耗时。
R13	10	7	三形状行，左共面基集导致塌缩，右调整一个点成非共面后保持。	消融全局刚性所需几何条件。	画出被改变的顶点，不能只改模块名。
R14	1	1	三竖排：夜间发光轨迹、白天载荷穿障碍、点云路径。	多机绳载任务的敏捷性和安全性。	同时保留无人机、绳索、载荷轨迹。
R14	2	4	上青规划优化循环含约束几何缩图，右地图/捕获输入，下绿叠层分布式控制器，紫主路径箭头。	规划处理耦合动力学，控制端不依赖载荷状态闭环。	画清每机估计量与共享计划，不能虚构载荷传感器。
R14	3	5	多无人机—绳—负载几何及机体/世界坐标、绳角方向。	定义间接位置表示和耦合状态。	物理对象/坐标与公式一一对应。
R14	4	10	左可缩放棱锥配置，右窄走廊变尺度路径。	用系统整体外形生成初始安全路线。	不能仅检查负载点的碰撞。
R14	5	10	左辅助变量时间曲线，右映射后扇区向量随时间渐变。	约束消除映射的可视化。	解析映射，不是强化学习曲线。
R14	6	13	黑底两方法，径向多条轨迹、白方柱/圆柱障碍，共图例。	相同环境多起终点路径质量。	路径数量及采样方式写明。
R14	7	13	x无人机数量、y计算时间对数轴，红本文/蓝基线。	系统规模下响应速度。	说明计时硬件与范围。
R14	8	14	上下有/无绳向量约束，彩色负载路径和机群配置，编号关键点。	约束抑制不希望的拓扑局部极小。	针对性消融应画绳索与重排顺序。
R14	9	15	A长曝光实景，B右三XYZ路径按速度/倾角/RMSE着色，C下3×6状态曲线含位置/姿态/速度/角速/RPM。	验证接近推力极限时的全状态跟踪。	不能将不同物理量共用无标签色条；密集状态图适合宽版或补充。
R14	10	15	三机及LED、绳、载荷、计算机、IMU照片标注。	定义可观测量与实际装置。	只标真正安装传感器。
R14	11	15	五载荷估计质量箱线，横真实质量参考，红百分比误差。	无载荷直接传感情况下的质量估计精度。	报告重复次数，质量误差不等于轨迹误差。
R14	12	16	A俯视路径、B穿缝时配置、C实景、D侧视仿真、E点云。	验证完整系统变形通过窄口。	不同视角对准同一穿越事件。
R14	13	18	A实景轨迹、B规划图，C/D关键点实景/仿真特写，标新目标和切换点。	紧急目标变化后的在线重规划。	本PDF正文提F14但未见独立图；不补造连续重规划图。
R15	1	1	上两视角彩点云/红轨迹，下三实景时刻。	激光雷达策略真实穿林。	点云高度色不代表速度。
R15	2	3	左球面角分区和最近点，右传感器FOV与多帧FOV/未知区。	设计任务相关输入，保留已观测自由与未知区别。	不要把未知当自由空间；这是表示创新核心。
R15	3	4	上真机/Orin/PX4照片，下点云→球面表示→MLP编码→状态融合→T,ω，黑实线数据/橙虚线硬件连接。	点云策略直接给推力和角速度50Hz。	信号与物理链路分别编码，动作不是位置航点。
R15	4	5	单训练图，多配置彩线和带；x0–40M steps、yNormalized Return；表示/并行环境N_e/mini-batch N_b组合。	展示表示压缩和批量数据使PPO更容易训练。	带的统计定义和seed数不能从外观推断，须查正文；不要把mini-batch当独立seed。
R15	5	6	上三环境success rate(%)vsvelocity(m/s)，下共场景四方法路径和长度标签。	训练后安全边界与路径效率两层评价。	训练回报不能替代成功率曲线。
R15	6	7	a/b室内两场景叠影，c/d细障碍局部特写。	检验细线感知和真实部署。	文字承认细障碍会漏检，不能写成全条件安全保证。
R16	1	1	三实景任务横排：倾斜浇水、穿斜缝、推拉帘。	展示全驱动近距离交互价值。	用途由实体能力支持，不从外观断定。
R16	2	2	x旋翼数、y归一化包络面积，底部不同旋翼布局小图。	以尺寸定量支撑同轴双旋翼紧凑性。	面积指标与真实尺寸分清。
R16	3	3	三种无人机拉物示意，红水平力、蓝下洗对物体干扰。	解释控制面如何减少侧向气流影响。	力箭头和气流箭头不能混用。
R16	4	3	三小图展示横向力、偏航矩、倾斜悬停，彩色矢量。	全驱动生成机制。	同时画控制面偏转和受力方向。
R16	5	4	真机剖视标舵机、控制面、电机、电池、计算板。	机械实现对应机制。	与F6理想模型区分。
R16	6	4	上下同轴旋翼三维CAD，绿色气动力、黄色推力、RGB坐标。	动力学坐标与力矩定义。	三维力方向需要清楚透视。
R16	7	5	淡黄位置控制/淡绿姿态控制→蓝Mixer→机体，分支全驱动/欠驱动。	同平台两工作模式控制结构。	模式选择要在实验状态曲线中可见。
R16	8	6	上实飞8字叠影，下左XY参考/实际轨迹，右三行误差/速度加速度/姿态，背景标模式切换。	证明切换过程中位置和姿态跟踪。	约左1/3右2/3的下排；同一时钟和明确切换线。
R16	9	7	三竖排角度、角速度、位置误差vs秒，指令/测量线和RMSE标注。	持续倾斜悬停时姿态与位置能否解耦。	位置误差必须伴随姿态性能。
R17	1	1	建筑三维灰地图、红路径、起终点、长度/耗时、机器人照片。	多层斜面和楼梯导航。	是地面机器人，非飞行三维自由空间。
R17	2	2	六处理阶段点云→平面→合并→交线→栅格→ESDF。	输入表示怎样变成可规划图。	按同一建筑对齐各阶段，不用不同示例拼凑。
R17	3	3	楼梯斜面彩栅格，六状态图例含未知/安全/占据/交线/交叠/边界。	明确跨平面连接和安全边界。	状态离散色不当连续色标。
R17	4	5	四环境列×三表示行，底行标优化时间和长度。	从几何复杂性到规划结果的系统对照。	行列语义固定。
R17	5	5	上下下楼/上楼轨迹，速度渐变与分段边界。	姿态连续和楼梯减速。	标坡面坐标而非仅世界投影。
R17	6	5	上下无/有方向约束；左规划斜面右真机姿态。	防止侧滑的约束可观察后果。	对照必须只改所测约束。
R17	7	6	三方法同建筑路径，标姿态不对齐等局部问题。	仅路径短不够，需符合斜面方向。	将定性对比与耗时/长度表联合。
R17	8	6	原点云、ESDF轨迹、机型图和实景时序。	真实非曼哈顿楼梯部署。	保留输入、表示、执行三阶段证据。
R18	1	1	大幅岛屿合并点云，红/蓝机器人来源，四个侧视/鸟瞰放大和100m比例尺。	全局覆盖与局部重影一起检查。	来源颜色不代表高度或误差。
R18	2	4	左多机子图/里程计/回环输入，中上绿回环处理，中下橙FirstPGO→SpatialBA→LastPGO，右蓝输出。	不同阶段回环和几何优化各自解决哪种不一致。	步骤框内放位姿图而非仅文字。
R18	3	4	彩色机器人轨迹，聚类/孤立回环不同标记。	区分需要不同BA处理的回环空间分布。	边表示约束，不是航迹。
R18	4	5	上下BA前后，左红绿位姿链、右同区域点云放大。	图优化的几何后果是重影消失。	同位置同缩放才能比较。
R18	5	7	左多机节点、中PCA主轴、右重排节点序列。	空间BA窗口按空间而非时间排序。	显示排序操作改变了什么。
R18	6	8	横排多机器人位姿链，蓝里程计、粉跨机回环、绿自回环。	定义优化图边语义。	一条图例对应一种约束。
R18	7	8	上密集BA约束→稀疏，下将不同权重边注入多机位姿图。	把局部几何精度传播到全局且控制复杂度。	稀疏化与权重都需在图中可见。
R18	8	9	上车库全图，下三方法相同区域放大，突出多层/单层地面。	单机器人地图垂直漂移。	全局平面看起来重合仍可能有高度误差。
R18	9	10	左大地图，右三方法同位置局部放大。	多机合并重影对比。	同色来源和同区域裁剪。
R18	10	11	两场景行×轨迹/XYZ位置/XYZ误差三列。	区分形状恢复与绝对定位精度。	误差时序保留真值、时间单位。
R18	11	12	三方法行，每行轨迹+三坐标误差，S3E Library。	回环后轨迹一致性比较。	不要因轨迹平滑就省掉误差。
R18	12	12	三方法行，同F11布局，Tunnel环境。	考验隧道退化条件。	失败算法的缺失结果不要画成零。
R18	13	12	左Wasserstein误差直方图及3σ竖线，右体素误差空间分布。	定位地图坏在哪里以及占多少。	直方图计数单位是体素，不是独立试验。
R18	14	13	上实验室全图，下w/o LR与w/ LR同区域。	恢复有效回环改善一致性。	局部放大框固定位置。
R18	15	14	2×2消融点云，红框局部结构。	分离FirstPGO、BA和LastPGO作用。	图注明确每个版本保留哪些阶段。
R18	16	14	2×2粗GICP/精BA几何细节。	位姿粗对齐不等于点云精确融合。	只借对照方法，不直接照抄结果。
R18	17	15	五会话大地图加六个局部放大。	扩展性与局部清晰度同时呈现。	会话颜色/放大编号统一。
R18	18	16	上模块时间百分比堆叠柱，中总时间折线，下峰值RSS内存折线，横轴数据序列并注明姿态/回环数。	性能瓶颈、总耗时和内存三层效率证据。	不同双轴和数量单位清楚标；没有RL训练。
R19	1	1	三部分：形变规划仿真、穿窄口实景、抓取运输实景。	机体尺寸成为规划自由度。	先展示需要变形的任务。
R19	2	2	两机械开合图+俯视真机尺寸+抓物侧视。	单电机绳驱动可伸缩构型。	尺寸和构型变量进入规划模型。
R19	3	3	同栅格内最大/最小/可变尺寸三路径，圆足迹随路径变化。	固定最小尺寸也不一定最优。	把机体包络而非仅质心轨迹画出来。
R19	4	5	绿形变规划→黄舵机/NMPC→力/转矩补偿→蓝实体，状态反馈。	形变、外力补偿和飞控分工。	绘出估计反馈路径。
R19	5	6	左三种尺寸规划路线，右变形穿障局部放大。	路径和机体体积共同决定可行性。	方法线色一致。
R19	6	6	a宽实景五事件+侧边放大，b地图和形变状态vs秒，c位置/误差/外力vs秒。	穿窄口时机体收缩、扰动与跟踪误差关联。	编号对应实景和曲线；断轴/时间省略必须明示。
R19	7	7	上点云+真实抓取运输，下位置与外力vs秒，背景区分Grasping/Whole-body Transport。	载荷改变外力而控制仍跟踪。	不能只报最终位置，记录抓取事件。
R19	8	7	上8字实景，中XY参考/旧控制/本文，下面形变状态与外力时序。	变形中补偿控制降低跟踪误差。	RMSE来自统一整段，不挑局部。
R20	1	1	大幅发光特技轨迹与机体姿态。	展示连续复杂特技总体形态。	图注明确Blender渲染，不是真实长曝光。
R20	2	4	上淡蓝Training Pipeline：左偏置重置池甜甜圈+状态扩展小图，中绿意图/状态，蓝MLP100Hz→无人机及反馈；下淡橙四项奖励。	核心是采样初态课程而非换奖励；动作推力+角速度。	偏置池、种子回收、扩展方向不能省成Curriculum盒子。
R20	3	6	三行PowerLoop/Split-S/BarrelRoll；左姿态角着色轨迹和移动目标红圈，右平均回报vs学习迭代三策略线。	自动课程加快学习，并形成目标动作。	正文用相同初始分布及原始奖励评价SP/RS/本文，避免异奖励数值直接比；未声明的seed/带勿补造。
R20	4	7	蓝本文/红基线空间轨迹、姿态矢量、黑门框及黄法向。	通过关键姿态点的质量。	静态门基准与移动门实验分开。
R20	5	7	上下静态/动态门真实叠影，紫箭头门运动，左上局部小图。	验证反应式特技真实迁移。	动态试验单独报告门速与成功率。
R21	1	1	实景/RViz变形、机数加入退出、多机路径与队形快照六部分。	数量变化和窄口同时存在。	区分形状变换与成员集合变化。
R21	2	3	左蓝DVS搜索/紫DVS优化，中广播网络，右叠层每机优化与绿地图；内部带路径和形变小图。	公共可变虚拟结构引导分布式轨迹。	广播DVS/目标/点云需逐项命名。
R21	3	4	上队形按高度切片，下Lloyd迭代分区与位置分配。	人数变化后均匀填充且考虑下洗距离。	切片高度和分配身份显式。
R21	4	5	2×2候选基元穿口，绿色框选最优，蓝障碍和形状足迹。	比较覆盖、重叠和转弯等评分。	画实际筛选操作。
R21	5	5	三层：占据/长度评分→离散关键点→连续时空变形及边界速度。	将DVS搜索变成动力学连续指导。	空间尺度和时间优化分清。
R21	6	7	上80→90→100→88机星形全程，下加入/退出事件快照。	规模变化后的形状恢复。	不把同一运行快照计多次试验。
R21	7	7	四方法行×三窄口列，红圈碰撞。	固定条件显示失效宽度。	配宽度—成功率统计，失败不隐藏。
R21	8	7	上全程窄口路径/加入退出标记，下七关键队形快照。	机数变化和障碍同时处理。	成员ID颜色持续一致。
R21	9	8	中间实景加入/退出，上下时刻RViz配对；底部两误差曲线和平台图。	事件—误差恢复—实机对应。	加入/退出时间作为共享锚点。
R21	10	8	x每消息点云数量、y通信延迟s，均值线+标准差带。	支持点数和广播频率的工程选择。	非训练曲线；带是标准差。
R22	1	1	左右本文/基线动态障碍轨迹，下Doppler与MPC框序列。	速度感知改变避让时机。	强调动态障碍未来位置。
R22	2	2	蓝D-KalmanNet、橙环境变化、黄DT-MPC三列，含网络/速度纠正/预测/规划小图。	先估计运动，再从推测碰撞触发控制器调参。	不是RL策略；神经模块存在不等于强化学习。
R22	3	3	目标包围盒、雷达射线、方位/俯仰与径向速度几何。	将Doppler标量速度纠正为模型观测。	观测方向要与坐标系对应。
R22	4	5	上四方法RViz时刻和控制小曲线，下五CARLA时刻。	动态交叉障碍下的提前绕行。	仿真与真实数据集结果分别标识。
R22	5	6	2×4时刻顶视轨迹，五动态障碍。	展示拥挤动态交互。	固定1.25s间隔，不当八次试验。
R22	6	7	上多相机连续帧、中Doppler检测、下真值与四预测方法俯视图/误差。	快速接近目标下感知—预测证据链。	NMSE(dB)非成功率，画清预测时域。
R22	7	7	三状态Precrash/Hallucination/Crash，框和预测轨迹。	检测欠分割造成幻觉速度并引发碰撞。	保留失败分析，不只模仿成功效果。
R23	1	1	上Sim/Real路径对照+平台及成功率，下3DGS构建→域适应潜空间。	从照片级训练到单目实飞的总论点。	实景和生成图必须明确标识。
R23	2	3	拍摄/SfM→3DGS及裁剪，坐标对齐→点云进Isaac，RGB渲染含FOV/图像增强。	训练数据如何构造且几何/渲染一致。	不是只放仿真截图，画出坐标配准。
R23	3	4	左仿真状态和3DGS/真实图像，中绿critic和紫actor CNN→GRU→MLP，下域分类器/GRL反向梯度，右潜空间；实线前向虚线回传。	深度特权只给critic，域适应只影响编码训练。	动作T/姿态角；部署不能偷用深度critic或真实标签。
R23	4	5	xSimulation Steps、yMean Reward，多种输入/域适应/随机化配置折线。	比较特权深度、DA/DR/DY训练行为。	按图轴保留Simulation Steps名称，不擅改环境总步数；无seed统计说明则明确未说明。
R23	5	6	4行Baseline/DR/DA/DA+DR×两列t-SNE，左Sim/Real域，右五增强环境；附GSI/分类准确率。	域对齐与增强泛化是两件事。	t-SNE聚团不能单独证明因果，配实飞消融。
R23	6	7	3×2六连续航段，每次回程重排障碍，左右去/回程。	单次连续导航的环境适应。	标明段间重排与是否重启控制器。
R23	7	8	2×3照明开关变化实景，灯图标与轨迹。	检验外观变化鲁棒性。	灯态/曝光/时刻应保存。
R24	1	1	左板载平台/CPU GPU内存环图，右任务观测、三维区域图、对象语义和导航。	轻量空间语义表征连接高层对象任务。	性能环图需实测，不能只作装饰。
R24	2	4	四顺序栅格图：球采样、凸多面体扩展、队列、回环连接；多语义线图例。	解释增量空间连通图生成。	蓝已观测域与灰未知域分开。
R24	3	4	多区域三维线框多面体、拓扑节点、轨迹和新增边。	空间覆盖与连通的对应。	区域身份用离散色。
R24	4	5	上图像/深度/掩膜→几何与语义相似度融合，下真实模型/对象点云。	对象实例如何绑定场景图。	对齐实际输入与输出对象。
R24	5	6	左全局覆盖掩膜+frontier，右目标区域局部TSP路径。	避免重复探索并由粗到细导航。	视觉上分开全局区域决策与局部访问顺序。
R24	6	7	左带尺度仿真环境/目标图标，右任务三时刻和中下场景图。	语言任务如何产生区域推理、探索和找到目标。	此为固定LLM零样本使用，不能强行加RL训练图。
R24	7	7	任务分组柱，SPL及误差棒，灰无分层/蓝本文。	直接测分层决策对导航效率贡献。	误差棒统计定义查正文，五次任务试验不叫五训练seed。
R25	1	3	左粉非对称actor/critic：CNN→GRU→MLP；中sim/real+控制器，HOCBF滤波支路，训练/部署彩箭头，反传红虚线。	训练奖励软引导与部署QP硬修正分工。	必须画原动作→参考加速度→安全投影→控制指令的转换，原图简写不能成为接口歧义。
R25	2	5	a左成功率%vsTraining Iterations，Distance/Dijkstra/Dijkstra+CBF三线；b右密集训练环境。	证明奖励结构改变学习效率。	这是训练成功率非回报，单纯多环境不是多随机种子。
R25	3	6	a上五方法三维速度柱阵列，b下三种测试环境及速度着色路径。	目标速度、实际速度、复杂场景的差别。	学组合目的；新稿优先用二维小多图避免3D柱遮挡，这是设计改进非原图事实。
R25	4	7	三目标速度分组，各含基线/本文两行和多次独立试验列，红圈碰撞。	同条件真实速度提升与失败。	别只保留本文成功帧。
R25	5	7	x可通行性环境指标；彩柱实际速度与方差，折线成功率，三目标速度。	速度—安全—环境难度联合比较。	双轴清晰标识并保留试验分母。
R25	6	8	a全局森林点云速度路径，b带姿态仪/速度表机载视角，c顶视，d侧视叠影。	真实林间高速飞行多视角。	本文失败中包含视野外动态障碍；不把安全过滤写成无条件零碰撞。
R26	1	2	左语言+首帧→视频计划→真实部署，右五种导航任务示例。	视频作为高层动作空间的动机。	生成视频不是实飞证据。
R26	2	4	上K个视频样本→VLM安全/场景/任务评分→通过/重采样，下模型输入与评分卡。	采样筛选降低随机生成失败。	画清无合格候选时返回哪一步；非RL训练回路。
R26	3	5	生成帧→π³点云、MoGe2深度→尺度因子→度量航点。	修复视频解码尺度歧义。	需要坐标与尺度来源，不能直接把像素视频接电机。
R26	4	8	A真实点云，B尺度修正前后点云，C相对尺度误差柱。	量化物理尺度校准。	相对尺度误差不是飞行定位RMSE。
R26	5	8	采样视频和多项评分/成败标记。	采样预算与候选筛选消融。	评分为模型评价，真实任务还须执行验证。
R26	6	13	四类失败行，每行语言任务+生成帧：模式偏差、奖励钻空子、崩溃、忽略指令。	展示生成模型局限。	正文与补充编号连续，按PDF页定位。
R26	7	14	模糊输入→生成清晰帧序列。	梦境式去模糊展示。	生成细节不能当观测真值。
R26	8	14	低照输入→变亮生成序列。	低照增强能力样例。	不代表真实传感器采到隐藏物体。
R26	9	15	低分辨率输入→超分生成序列。	探索视觉恢复。	需与导航成功分开评价。
R26	10	15	下楼生成帧序列，逐步显露原视场外楼梯。	视频预测扩展可见空间的假设。	未观察部分是预测，不等于地图事实。
R26	11	18	三任务组，每组三行真实第一视角/生成第一视角/真实第三视角。	执行轨迹与想象轨迹并排核对。	同步视点/事件，生成行单独标签。
R26	12	19	三任务组×三视角行：快速到树、下降、穿环。	速度指令和空间任务的部署示例。	照片感不等于真实，保留生成/实拍区分。
R26	13	20	三任务组×三视角行：上桥、左侧树、两物体中间。	语言空间关系落地。	展示对象指代与路径相对关系。
R26	14	21	三任务组×三视角行：岩后、超市、两树间。	语义目标与绕行。	独立任务统计另列。
R26	15	22	一任务三行视角：去无叶树。	属性指令的真实对照。	固定模型使用，没有本稿RL训练曲线。
R27	1	1	2×2噪声/基元/采样路径/优化轨迹，连接线表示生成流程。	基元先验降低扩散采样难度。	移动机械臂不能直接套四旋翼动作。
R27	2	3	上任务encoder→基元概率→截断扩散/基元库；下点云+关键点注意力编码和多线程轨迹后处理，淡紫/蓝/粉区分。	展示任务表示、分布选择、扩散和模型优化的具体连接。	离线数据库与在线推理边界标明。
R27	3	4	起终机械臂姿态、前向运动学、关键点序号虚线连接。	将关节状态映射成三维关键点序列。	序号/顺序是机制要点。
R27	4	5	六场景快照，粉高度色障碍、金机械臂叠影，右碰撞模型。	定义环境类型与全机体碰撞近似。	静态仿真结果，不冒称真实部署。
R27	5	6	左右多样性分数/规划时间ms vs样本数，方法线型×环境颜色。	采样多样性和计算成本权衡。	非训练loss；右轴断轴必须显式。
R27	6	7	上下成功率/路径比vs样本数，不同编码器消融和环境颜色。	表示是否提升可行性及最优性。	监督扩散训练不应强制reward曲线。
R28	1	2	上环境/平台+能力适应逻辑，下开门/探索/定位目标三任务。	异构能力让协作有必要。	展示能力差异而不只是多机器人图标。
R28	2	4	左一次任务分解，右叠层每机感知—记忆—橙决策—动作，底部蓝广播/紫记忆消息。	初始化共享分解，执行异步分散。	不能把初始化leader画成全程中央控制器。
R28	3	4	粉局部mini-map、灰未知、编号候选、选中/被队友占用标记与图例。	给VLM可读的空间接口并去重探索。	每个符号有明确数据对象。
R28	4	6	带时间戳顶视路径/mini-map演化，底部感知图和语言协助请求。	无人机发现闭门后请求机械臂打开。	对话必须是日志实录，不能为图编造成功协商。
R28	5	7	三任务列：外观抓取、空间抓取、读时钟；完整/去能力/纯语言不同失败图。	区分能力感知与视觉落地的作用。	学习的是零样本VLM系统，非MARL训练曲线。
R28	6	11	废墟六面板：mini-map、搜索路径、协商文字、全局环境、发现幸存者。	未知环境中分散探索与终止判断。	本PDF是仿真验证，不能称真实救灾。
R28	7	12	家居任务大量事件网格，三机器人固定颜色，上mini-map下视图/对话。	完整协作执行过程。	密集版面适合补充材料，正文选关键因果片段。
R28	8	13	医院任务六面板，mini-map+三机路径+开门协助与发现目标。	跨场景迁移。	主文效果统计和成功样例分别报告。
R29	1	3	a手开合序列、b机器人对应形变、c/d人掌握/指捏、e/f真机抓握、g–j栖停/开门/交互/运输。	从生物构型到机构再到用途的证据链。	仿生类比必须有结构对应，不是仅贴手照片。
R29	2	4	a硬件拆分/2DoF扭转3DoF伸缩；b蓝任务—橙规划—黄控制—绿估计；c形变几何、坐标和受力。	硬件软件和物理模型统一解释自主操作。	首选浅色分层框图；把图案与模块绑定。
R29	3	5	a腱驱手示意；b半透明机构编号；c/d开闭构型；e绳驱弹簧储能；f自适应抓取。	说明单驱动如何产生多自由度和被动适应。	局部透明CAD+编号比通用流程盒更准确。
R29	4	6	a掌握实景时序；b位置/速度/外力/转矩/电机转速/总推力vs秒，阶段Go/Close/Transport/Open；c多物体及质量；d指捏时序；e小物体。	抓取过程、动态响应和对象适应性同图。	物体展示数量不等于试验次数，图像水平镜像处理需保留说明。
R29	5	8	a人抓树；b/d抓树/释放叠影；c转速e功率；f人开门g实机序列h门角i位置j外力。	栖停节能与开门受力两个任务各有量化。	不要将不同任务曲线放同一时间轴假同步。
R29	6	9	左三长实景阶段含①–⑧；右3D参考、三轴ATE、外力与舵角/抓握状态曲线。	连续多任务交互中切换抓握模式并保持飞行精度。	同事件编号跨照片与曲线，是实飞综合图重点范本。
R29	7	10	三横带：野外栖停多对象、变形穿岩缝、跨河运输起放点圆形放大。	外场应用范围。	用途展示仍需与定量任务评估分开。
R29	8	12	a操作者→ROS指令/视频→机器人；b三类时序c性能小表；d/e两种辅助任务大照片，尺度线和机载放大。	遥操作接口、实际地形尺度与控制性能同图。	人机协作不能误写为全自主；Nature版式可作IEEE作图参考。
